Location,Station,Model,Pollutant,Serial Number,Installed Date,Cal High Date,Cal Low Date,Part 1,Part 2,Part 3,Part 4,Notes
Ioannina,zosimaia ioannina,APMA,CO,xxxxx,2026-05-26,,,,,,,
Ioannina,zosimaia ioannina,APOA,O3,xxxxxx,2026-05-26,,,,,,,
Ioannina,zosimaia ioannina,APSA,SO2,xyxyxyxy,2026-05-26,,,,,,,
Stratoni,MAM11,APMA,CO,SN-CO-01,2026-01-20,,,,,,,
Stratoni,MAM11,APNA,NOx,SN-NOX-01,2026-01-20,,,,,,,
Stratoni,MAM11,APSA,SO2,SN-SO2-01,2026-01-20,,,,,,,
Stratoniki,MAM12,APMA,CO,SN-APMA-MAM12,2026-05-26,,,,,,,
Stratoniki,MAM12,APNA,NOx,SN-APNA-MAM12,2026-05-26,,,,,,,
Stratoniki,MAM12,APSA,SO2,SN-APSA-MAM12,2026-05-26,,,,,,,
